{
    "new_avatar1": ":nth-child(1) > .shop__button",
    "new_avatar2": ":nth-child(2) > .shop__button",
    "new_avatar3": ":nth-child(3) > .shop__button",
    "new_avatar4": ":nth-child(4) > .shop__button",
    "new_avatar5": ":nth-child(5) > .shop__button",
    "new_avatar6": ":nth-child(6) > .shop__button",
    "new_avatar7": ":nth-child(7) > .shop__button",
    "new_avatar8": ":nth-child(8) > .shop__button",
    "new_avatar9": ":nth-child(9) > .shop__button",
    "new_avatar10": ":nth-child(10) > .shop__button",
    "new_avatar11": ":nth-child(11) > .shop__button",
    "new_avatar12": ":nth-child(12) > .shop__button"
}